District,Current_New_Companies_new_Business_startups,Predicted_Increase_Lower_Bound_new_Business_startups,Predicted_Increase_Upper_Bound_new_Business_startups,Current_New_Companies_other_startups,Predicted_Increase_Lower_Bound_other_startups,Predicted_Increase_Upper_Bound_other_startups
 Hamburg-Central,2365,118.25,279.07,3592,179.60000000000002,423.856
 Altona,719,35.95,84.842,1562,78.10000000000001,184.316
 Eimsbüttel,608,30.400000000000002,71.744,1534,76.7,181.012
 Hamburg North,758,37.9,89.44399999999999,2047,102.35000000000001,241.546
 Wandsbek,703,35.15,82.954,2799,139.95000000000002,330.282
 Bergedorf,171,8.55,20.177999999999997,861,43.050000000000004,101.598
 Hamburg,339,16.95,40.001999999999995,990,49.5,116.82
